{"mean": 0, "std": 1, "clip_val_inf": -5.8448052406311035, "clip_val_sup": 0.586580216884613}